<?xml version="1.0" encoding="UTF-8"?>
<project-private xmlns="http://www.netbeans.org/ns/project-private/1">
    <editor-bookmarks xmlns="http://www.netbeans.org/ns/editor-bookmarks/2" lastBookmarkId="0"/>
    <open-files xmlns="http://www.netbeans.org/ns/projectui-open-files/2">
        <group>
            <file>file:/C:/Users/Usuario/Desktop/Multichain/JavaApplication1/src/javaapplication1/registroGanancia.java</file>
            <file>file:/C:/Users/Usuario/Desktop/Multichain/JavaApplication1/src/javaapplication1/JavaApplication1.java</file>
            <file>file:/C:/Users/Usuario/Desktop/Multichain/JavaApplication1/src/javaapplication1/inicio.java</file>
            <file>file:/C:/Users/Usuario/Desktop/Multichain/JavaApplication1/src/javaapplication1/consulta.java</file>
            <file>file:/C:/Users/Usuario/Desktop/Multichain/JavaApplication1/src/javaapplication1/ApiMultichainBD2.java</file>
            <file>file:/C:/Users/Usuario/Desktop/Multichain/JavaApplication1/src/javaapplication1/registroVendedor.java</file>
        </group>
    </open-files>
</project-private>
